{"t":[0.0,0.01667,0.03333,0.05,0.06667,0.08333,0.1,0.11667,0.13333,0.15,0.16667,0.18333,0.2,0.21667,0.23333,0.25,0.26667,0.28333,0.3,0.31667,0.33333,0.35,0.36667,0.38333,0.4,0.41667,0.43333,0.45,0.46667,0.48333,0.5,0.51667,0.53333,0.55,0.56667,0.58333,0.6,0.61667,0.63333,0.65,0.66667,0.68333,0.7,0.71667,0.73333,0.75,0.76667,0.78333,0.8,0.81667,0.83333,0.85,0.86667,0.88333,0.9,0.91667,0.93333,0.95,0.96667,0.98333,1.0],"paths":[[1.0,1.00292,0.99856,1.0157,1.01787,1.00682,1.01326,1.03821,1.04508,1.04508,1.03886,1.03185,1.03229,1.01299,1.00951,0.99539,0.98534,0.97672,0.97105,0.97805,0.99435,0.99213,1.01801,1.00581,1.01366,1.03399,1.0352,1.02841,1.01686,1.00978,1.01291,0.9972,0.99236,0.9885,1.00103,1.00509,1.01097,0.99686,0.99406,1.00987,1.03347,1.02342,1.04583,1.06215,1.06559,1.06737,1.06591,1.07804,1.09621,1.09621,1.10302,1.10538,1.10122,1.10115,1.1071,1.1071,1.10916,1.11021,1.11517,1.10829,1.10125],[1.0,0.98847,0.95647,1.00994,0.99791,1.00551,0.99985,1.03768,1.03768,1.04077,1.03054,1.03109,1.03865,1.04823,1.04611,1.05278,1.05045,1.04576,1.05352,1.05397,1.07994,1.07994,1.07671,1.07297,1.0575,1.03584,1.04851,1.057,1.07087,1.07087,1.07942,1.07942,1.08745,1.08745,1.08367,1.08532,1.09288,1.09288,1.08986,1.07646,1.05449,1.06504,1.08108,1.08108,1.07561,1.08345,1.06924,1.05677,1.06979,1.03295,1.04136,1.0278,1.03015,1.02818,1.03353,1.05017,1.03452,1.06702,1.07654,1.07654,1.08246],[1.0,1.0202,1.03656,1.03772,1.01945,1.01691,1.00319,0.97487,0.98085,0.97017,0.95038,0.92385,0.93169,0.94146,0.98167,0.98112,0.99942,0.99942,1.00485,0.9962,1.00828,1.01194,1.01731,1.02119,1.02468,1.02723,1.02333,1.00102,0.99889,0.98557,1.00993,1.00491,1.00615,0.99673,0.98815,0.9878,0.96232,0.96846,0.96618,0.95018,0.91278,0.92311,0.9155,0.89994,0.8921,0.96179,0.95929,0.96153,0.92108,0.97461,0.99841,1.0234,1.02403,1.04313,1.04891,1.06001,1.05666,1.02786,1.05466,1.00258,0.99327],[1.0,0.9944,0.96554,0.98412,0.97709,0.96152,0.97958,0.96373,1.00515,1.01324,0.99971,0.9465,0.90577,0.94255,0.94058,0.93226,0.98307,0.95027,0.93114,0.91415,0.93486,0.91657,0.89823,0.85223,0.87724,0.90357,0.88982,0.89394,0.86353,0.8511,0.88948,0.89272,0.95858,0.94113,0.95634,0.95144,0.967,0.96661,0.95417,0.93474,0.99646,0.99547,0.98582,0.97815,0.99047,0.98276,1.00612,1.00612,1.00538,1.00083,0.99001,0.98127,0.96916,0.98783,1.00743,1.00743,1.00182,0.98673,0.97338,0.90785,0.87619],[1.0,1.03371,1.02607,1.04582,1.03594,1.06774,1.06926,1.06632,1.08841,1.08841,1.08215,1.0839,1.08345,1.096,1.08356,1.0987,1.10982,1.10516,1.1068,1.09883,1.13101,1.1238,1.11763,1.10022,1.09409,1.09392,1.10488,1.09902,1.09647,1.07056,1.05206,1.11818,1.13195,1.12727,1.11348,1.09828,1.09749,1.09797,1.08649,1.06048,1.10026,1.10759,1.10039,1.09598,1.0863,1.03293,1.03581,1.00461,0.97467,0.95316,0.97738,0.94606,0.89798,0.91962,0.94411,0.91867,0.9341,0.92607,0.934,0.90474,0.92672],[1.0,1.03121,1.04773,1.06231,0.96165,0.97091,0.96938,0.96381,0.94035,0.94165,0.95435,0.9459,0.93386,0.96425,0.94733,0.96605,0.96917,0.94964,0.94113,0.91716,0.93727,0.94705,0.93221,0.89931,0.90825,0.93552,0.93227,0.9435,0.93377,0.93521,0.92888,0.93532,0.90483,0.9198,0.91717,0.92011,0.92011,0.92149,0.91916,0.92703,0.9181,0.908,0.91058,0.93121,0.9337,0.93264,0.92204,0.91987,0.9195,0.94679,0.94679,0.93998,0.94767,0.94767,0.94374,0.96077,0.96042,0.95801,0.96036,0.96742,0.97371],[1.0,0.96479,1.02563,1.04365,1.0371,1.02352,1.00409,1.00687,0.99204,0.97123,0.99578,1.00518,0.99562,1.01373,1.04201,1.02877,1.01896,1.03599,1.04659,1.05028,1.07258,1.05356,1.01998,0.99724,1.00008,0.98028,0.96524,0.93157,0.91101,0.88198,0.89421,0.92373,0.90728,0.89963,0.87931,0.89882,0.90125,0.95957,0.92462,0.93679,0.9526,0.93908,0.95779,0.91026,0.98746,0.9454,0.97794,0.94537,0.98314,0.97264,0.97673,0.97779,1.00995,1.00253,0.93762,0.91548,0.92031,0.90801,0.93001,0.95848,0.95452],[1.0,0.96195,0.99831,1.02448,1.019,1.06264,1.06264,1.05695,1.05519,1.06555,1.05901,1.08583,1.08583,1.09071,1.0934,1.09192,1.09737,1.08819,1.10386,1.10363,1.09999,1.10754,1.11907,1.11907,1.12966,1.12966,1.1365,1.131,1.13211,1.1393,1.13901,1.1402,1.14081,1.14313,1.14277,1.14152,1.13693,1.13116,1.14554,1.14467,1.15653,1.14204,1.10702,1.07799,1.12013,1.14873,1.15467,1.14404,1.14228,1.1373,1.13016,1.088,1.06818,1.06272,1.10277,1.10587,1.13334,1.12636,1.12042,1.05559,1.06947],[1.0,1.01389,1.04906,1.04207,1.04327,1.03665,1.02268,1.00893,1.00315,1.02346,1.02346,1.01964,1.02081,1.02163,1.01747,1.02873,1.01303,1.00913,1.01948,1.0041,1.00945,1.02583,1.02981,1.01304,1.00219,1.02796,1.03221,1.03199,1.03693,1.04585,1.03688,1.03219,1.0335,1.02844,1.02656,1.04391,1.0373,1.06064,1.06064,1.0521,1.05097,1.0543,1.04573,1.03574,1.03138,1.04633,1.03833,1.06904,1.07229,1.07098,1.09276,1.09897,1.10101,1.10101,1.11045,1.11045,1.10938,1.0991,1.10312,1.09107,1.0658],[1.0,0.99249,1.00045,1.03329,1.03857,1.05238,1.03992,1.03957,1.04113,1.05337,1.05446,1.06402,1.05878,1.06419,1.07017,1.0527,1.05622,1.04987,1.00836,1.03727,1.02614,0.99774,0.98322,0.98762,1.04729,1.04152,1.05579,1.09522,1.1083,1.13839,1.12451,1.15056,1.14813,1.18485,1.1592,1.1375,1.17706,1.17036,1.15748,1.15976,1.1329,1.18111,1.14737,1.14191,1.15417,1.15024,1.12178,1.09446,1.10911,1.0694,1.09514,1.04118,1.01472,1.01534,0.95281,0.98444,0.98263,0.9425,0.8783,0.81597,0.81702],[1.0,0.97025,0.9321,0.92444,0.98966,0.9935,1.004,1.004,1.0077,1.00014,0.99465,0.99868,0.99817,0.99419,0.9777,0.97039,0.94459,0.86,0.81371,0.83226,0.88717,0.95054,0.9528,0.97982,1.01051,0.98892,0.93428,0.9347,0.87129,0.85606,0.88401,0.81893,0.81903,0.87334,0.88742,0.90339,0.93302,0.97188,0.97434,0.9917,0.99044,0.98286,0.98757,0.97587,0.96283,0.94751,0.88913,0.89192,0.85542,0.85148,0.89745,0.88188,0.86496,0.91132,0.92435,0.95013,0.94113,0.96313,0.94312,0.92236,0.94122],[1.0,0.98434,1.00493,1.06598,1.04327,1.03144,1.05385,1.05231,1.06528,1.05528,1.05937,1.05757,1.05914,1.06354,1.05371,1.04352,1.05542,1.05848,1.05973,1.05884,1.0646,1.04276,1.02079,1.04955,1.05235,1.068,1.05817,1.08572,1.09121,1.09814,1.09814,1.09401,1.0748,1.05288,1.09289,1.12236,1.12236,1.12076,1.12632,1.12632,1.11943,1.13371,1.13371,1.12033,1.11681,1.11869,1.1237,1.12522,1.12522,1.12459,1.12577,1.1237,1.1237,1.13034,1.13034,1.12847,1.12847,1.13134,1.13776,1.14344,1.14653]],"terminal":[1.10125,1.08246,0.99327,0.87619,0.92672,0.97371,0.95452,1.06947,1.0658,0.81702,0.94122,1.14653,1.04061,0.66964,1.04105,0.67521,0.53485,0.85929,1.17074,1.00587,0.86434,1.01659,1.19717,1.41288,0.78971,1.01384,1.23082,0.96696,0.62723,0.81986,1.20587,0.49721,0.72672,1.05245,1.1189,0.91933,1.12764,0.9696,0.92099,1.04227]}