{"t":[0.0,0.01667,0.03333,0.05,0.06667,0.08333,0.1,0.11667,0.13333,0.15,0.16667,0.18333,0.2,0.21667,0.23333,0.25,0.26667,0.28333,0.3,0.31667,0.33333,0.35,0.36667,0.38333,0.4,0.41667,0.43333,0.45,0.46667,0.48333,0.5,0.51667,0.53333,0.55,0.56667,0.58333,0.6,0.61667,0.63333,0.65,0.66667,0.68333,0.7,0.71667,0.73333,0.75,0.76667,0.78333,0.8,0.81667,0.83333,0.85,0.86667,0.88333,0.9,0.91667,0.93333,0.95,0.96667,0.98333,1.0],"paths":[[1.0,1.00292,0.99917,1.01549,1.0179,1.00359,1.01266,1.04699,1.07255,1.05289,1.0187,1.00211,1.00284,0.9441,0.93847,0.90845,0.89114,0.87841,0.87098,0.87999,0.9037,0.9004,0.93243,0.91624,0.92429,0.94579,0.94777,0.92944,0.90728,0.89632,0.90113,0.87765,0.87263,0.86876,0.88069,0.88529,0.89315,0.87791,0.87468,0.89227,0.92704,0.89709,0.93254,0.96519,0.98453,0.99095,0.98262,1.01998,1.07257,1.12327,1.16168,1.17206,1.13568,1.13517,1.15419,1.11605,1.12712,1.13932,1.1596,1.1243,1.10489],[1.0,0.98847,0.95874,1.00244,0.98936,0.99746,0.9905,1.03149,1.0669,1.08413,1.02383,1.02487,1.04277,1.0698,1.05252,1.10285,1.06552,1.04713,1.07236,1.07336,1.12994,1.13508,1.1163,1.1051,1.07404,1.03884,1.05554,1.07114,1.10718,1.08545,1.13346,1.12471,1.17098,1.15758,1.13543,1.14239,1.17283,1.17733,1.15928,1.11944,1.0793,1.09303,1.12095,1.11583,1.08494,1.10931,1.07288,1.05295,1.06962,1.00891,1.01868,1.00317,1.00567,1.00337,1.00828,1.02617,1.00594,1.04319,1.06257,1.08561,1.11839],[1.0,1.0202,1.04233,1.04402,1.00593,1.00209,0.98205,0.94631,0.95233,0.93814,0.91322,0.88866,0.89454,0.90256,0.9336,0.93296,0.95807,0.99307,1.02266,0.96175,0.99242,1.00083,1.0115,1.0209,1.0307,1.03889,1.02896,0.97933,0.97626,0.95589,0.9826,0.97497,0.97675,0.95524,0.94241,0.94182,0.90608,0.91284,0.91004,0.8823,0.82905,0.83983,0.83312,0.82152,0.81626,0.85517,0.85378,0.85541,0.82291,0.85838,0.87867,0.90291,0.90372,0.92506,0.93365,0.94823,0.9442,0.90864,0.93279,0.88704,0.88126],[1.0,0.9944,0.96766,0.98277,0.97738,0.96609,0.97882,0.96653,1.00149,1.01028,0.99765,0.94849,0.91669,0.94246,0.94092,0.93375,0.9739,0.94186,0.92742,0.91586,0.92952,0.91343,0.89878,0.862,0.87809,0.89626,0.88501,0.88846,0.85901,0.84832,0.87876,0.88155,0.93542,0.9163,0.92982,0.92483,0.93813,0.93764,0.92384,0.90308,0.97715,0.97487,0.9251,0.90943,0.92519,0.91302,0.94534,0.96981,0.96568,0.95366,0.92892,0.91198,0.87765,0.90507,0.9427,0.91231,0.8846,0.84484,0.8238,0.76005,0.73772],[1.0,1.03371,1.02418,1.04668,1.03321,1.0809,1.08611,1.07509,1.14795,1.13799,1.1023,1.1077,1.10622,1.13672,1.10962,1.13254,1.15736,1.1372,1.14163,1.11703,1.18638,1.16462,1.15069,1.11908,1.10875,1.10822,1.13003,1.11198,1.10629,1.06621,1.04332,1.11989,1.15003,1.12668,1.08808,1.06066,1.05971,1.06031,1.03978,1.00547,1.04273,1.05461,1.04411,1.03784,1.0234,0.94837,0.95089,0.92466,0.90073,0.88566,0.90227,0.87512,0.84302,0.85678,0.87334,0.85169,0.86386,0.8571,0.8635,0.83556,0.85344],[1.0,1.03121,1.04797,1.06283,0.96387,0.97005,0.96909,0.9651,0.9492,0.95024,0.96008,0.95325,0.9416,0.97165,0.944,0.96912,0.97323,0.95291,0.94549,0.92299,0.9389,0.94706,0.93323,0.90674,0.91353,0.93608,0.93302,0.94284,0.93342,0.93474,0.92742,0.93418,0.89817,0.91293,0.90722,0.91535,0.90704,0.91427,0.889,0.91642,0.87669,0.85319,0.85812,0.89085,0.89697,0.89095,0.85848,0.85396,0.85324,0.89101,0.90514,0.86981,0.91623,0.90663,0.88598,0.92007,0.91858,0.9096,0.91445,0.93431,0.95826],[1.0,0.96479,1.01555,1.04033,1.02985,1.00798,0.98274,0.98555,0.96887,0.94961,0.96939,0.97823,0.96799,0.98619,1.02129,0.9925,0.97684,1.00057,1.01898,1.02462,1.05548,1.0259,0.98713,0.96496,0.9677,0.9477,0.93554,0.91198,0.89718,0.87392,0.88195,0.89994,0.88855,0.88351,0.87007,0.88179,0.88352,0.92034,0.89438,0.90249,0.91259,0.90383,0.91725,0.88351,0.93288,0.90081,0.92215,0.89554,0.92224,0.91282,0.91626,0.91722,0.94334,0.93523,0.86597,0.84886,0.85261,0.84269,0.85932,0.88185,0.8782],[1.0,0.96195,0.99662,1.02454,1.01631,1.07281,1.06284,1.03174,1.02726,1.05589,1.0303,1.08318,1.05804,1.08407,1.09905,1.09433,1.12491,1.08182,1.12004,1.11783,1.10191,1.12306,1.15384,1.17661,1.23853,1.27316,1.31562,1.29697,1.30011,1.31871,1.31767,1.32753,1.34176,1.37088,1.36683,1.35409,1.32499,1.2944,1.33374,1.33039,1.35725,1.3121,1.24764,1.21389,1.24995,1.28447,1.2951,1.26813,1.26343,1.25334,1.24181,1.16361,1.13774,1.13179,1.17659,1.18109,1.22419,1.2114,1.20312,1.08753,1.10025],[1.0,1.01389,1.06077,1.04718,1.04938,1.03009,0.99894,0.98039,0.97137,1.00563,1.00536,0.98472,0.988,0.99323,0.97572,1.00461,0.95649,0.95091,0.96706,0.9339,0.94234,0.974,0.98515,0.94277,0.9249,0.95448,0.96154,0.96098,0.97166,0.98959,0.97133,0.96375,0.96699,0.95319,0.94959,0.98163,0.95708,1.00556,1.05521,1.00921,1.0052,1.0138,0.99374,0.97459,0.96831,0.98664,0.97337,1.02004,1.02736,1.0243,1.06301,1.07997,1.08996,1.08032,1.13174,1.15533,1.1489,1.10268,1.11298,1.08023,1.03307],[1.0,0.99249,0.99939,1.0327,1.03991,1.06142,1.02801,1.02707,1.03003,1.05286,1.05567,1.07746,1.06317,1.07268,1.08387,1.04911,1.05352,1.04449,0.99405,1.01862,1.00881,0.98652,0.97663,0.9798,1.01836,1.01366,1.02576,1.06244,1.07682,1.10657,1.09268,1.11428,1.11224,1.14315,1.11353,1.09098,1.12694,1.12087,1.11016,1.11202,1.09203,1.12986,1.09364,1.08903,1.09846,1.09514,1.07233,1.04821,1.05943,1.03127,1.04827,1.00748,0.99282,0.99342,0.96149,0.97749,0.9767,0.9506,0.91374,0.87724,0.87811],[1.0,0.97025,0.93634,0.93046,0.98648,0.99325,1.01267,1.01791,1.03835,1.00262,0.99121,0.99759,0.99679,0.99153,0.97431,0.96751,0.94804,0.89028,0.86295,0.87332,0.90885,0.9521,0.95416,0.9761,0.99893,0.9809,0.93851,0.93895,0.89689,0.88921,0.90298,0.87018,0.87062,0.89865,0.90677,0.91878,0.94023,0.98293,0.98645,1.01792,1.0159,1.00134,1.00918,0.99318,0.97827,0.96272,0.90701,0.90919,0.8797,0.87698,0.91013,0.89767,0.8849,0.91631,0.92902,0.95242,0.94341,0.96149,0.94429,0.92764,0.94172],[1.0,0.98434,1.0037,1.06728,1.02147,1.00149,1.03053,1.02634,1.05722,1.02966,1.03816,1.03379,1.03719,1.04575,1.01299,0.98495,1.02084,1.02826,1.03074,1.02923,1.0384,1.00753,0.98155,1.01483,1.01846,1.04072,1.02423,1.06094,1.07009,1.08311,1.09819,1.07547,1.02455,0.99617,1.03866,1.07378,1.06385,1.05524,1.0835,1.07844,1.04252,1.07679,1.08977,1.02088,1.01232,1.01574,1.0281,1.0318,1.01467,1.0113,1.01869,1.01133,1.00133,1.03388,1.00858,0.99919,0.94782,0.96083,0.98127,0.99494,1.01845]],"terminal":[1.10489,1.11839,0.88126,0.73772,0.85344,0.95826,0.8782,1.10025,1.03307,0.87811,0.94172,1.01845,0.98169,0.76763,1.01577,0.7009,0.69032,0.75626,1.6792,0.9568,0.81688,1.1469,1.26516,1.33836,0.85591,1.0195,1.22761,0.80702,0.68207,0.82454,1.26584,0.61842,0.77382,1.04012,1.00311,0.85767,1.09175,0.93174,0.87942,0.99554]}